{
  "2bit": {
    "samples": 150,
    "key": {
      "fajarquant": 0.000872429160882092,
      "kivi": 0.0009314022887166655,
      "turboquant": 0.0009175321485218046,
      "fq_vs_kivi_pct": 6.331649443961504,
      "fq_vs_turbo_pct": 4.915684721497339
    },
    "value": {
      "fajarquant": 0.11879233509742401,
      "kivi": 1.2500584336080514,
      "turboquant": 0.11299732043721979,
      "fq_vs_kivi_pct": 90.49705742518348,
      "fq_vs_turbo_pct": -5.128453168430556
    }
  },
  "3bit": {
    "samples": 150,
    "key": {
      "fajarquant": 0.00015985660806743838,
      "kivi": 0.00016625122165489007,
      "turboquant": 0.00016709696732940252,
      "fq_vs_kivi_pct": 3.846355848575864,
      "fq_vs_turbo_pct": 4.333028526897817
    },
    "value": {
      "fajarquant": 0.021376332201874706,
      "kivi": 0.2567509760031969,
      "turboquant": 0.020536162004126883,
      "fq_vs_kivi_pct": 91.67429369319765,
      "fq_vs_turbo_pct": -4.091174376102919
    }
  },
  "4bit": {
    "samples": 150,
    "key": {
      "fajarquant": 3.457846250475099e-05,
      "kivi": 3.6023015226732666e-05,
      "turboquant": 3.631939235699105e-05,
      "fq_vs_kivi_pct": 4.010082756508608,
      "fq_vs_turbo_pct": 4.793389259181677
    },
    "value": {
      "fajarquant": 0.004611189066171864,
      "kivi": 0.054189484901414696,
      "turboquant": 0.004473209443406584,
      "fq_vs_kivi_pct": 91.49062022907053,
      "fq_vs_turbo_pct": -3.084577740232111
    }
  }
}