{
  "fp16": {
    "ppl": 28.13497543334961,
    "tokens": 61410,
    "samples": 30
  },
  "fajarquant_v3_2bit": {
    "ppl": 39.7337760925293,
    "tokens": 61410,
    "samples": 30,
    "bits": 2
  },
  "fajarquant_v3_3bit": {
    "ppl": 25.16781234741211,
    "tokens": 61410,
    "samples": 30,
    "bits": 3
  },
  "fajarquant_v3_4bit": {
    "ppl": 27.31427001953125,
    "tokens": 61410,
    "samples": 30,
    "bits": 4
  },
  "kivi_2bit": {
    "ppl": 470.4953918457031,
    "tokens": 61410,
    "samples": 30,
    "bits": 2
  },
  "kivi_3bit": {
    "ppl": 21.902442932128906,
    "tokens": 61410,
    "samples": 30,
    "bits": 3
  },
  "kivi_4bit": {
    "ppl": 35.173736572265625,
    "tokens": 61410,
    "samples": 30,
    "bits": 4
  },
  "turboquant_outlier_2bit": {
    "ppl": 39.7337760925293,
    "tokens": 61410,
    "samples": 30,
    "bits": 2
  },
  "turboquant_outlier_3bit": {
    "ppl": 26.961624145507812,
    "tokens": 61410,
    "samples": 30,
    "bits": 3
  },
  "turboquant_outlier_4bit": {
    "ppl": 27.33028793334961,
    "tokens": 61410,
    "samples": 30,
    "bits": 4
  },
  "_protocol": {
    "name": "R-\u03b1.1 model surgery (v3)",
    "model": "google/gemma-4-E2B",
    "strategy": "data/calibration/strategy_gemma_4_e2b_{bits}bit.json",
    "calibration": "data/calibration/fq_v2_gemma_4_e2b.npz",
    "seq_len": 2048,
    "max_samples": 30
  }
}