{
  "2bit": {
    "samples": 560,
    "key": {
      "fajarquant": 0.1528394162151542,
      "kivi": 0.16184575814099794,
      "turboquant": 0.1610408800088788,
      "fq_vs_kivi_pct": 5.564768597764253,
      "fq_vs_turbo_pct": 5.092783766005518
    },
    "value": {
      "fajarquant": 0.18067611407575349,
      "kivi": 0.3599191123757203,
      "turboquant": 0.18109201891814633,
      "fq_vs_kivi_pct": 49.80091140946543,
      "fq_vs_turbo_pct": 0.22966492111440528
    }
  },
  "3bit": {
    "samples": 560,
    "key": {
      "fajarquant": 0.027618853861067976,
      "kivi": 0.02889035951748143,
      "turboquant": 0.029245787826158727,
      "fq_vs_kivi_pct": 4.401141687572532,
      "fq_vs_turbo_pct": 5.56296850254637
    },
    "value": {
      "fajarquant": 0.034078146960269,
      "kivi": 0.06247049266490379,
      "turboquant": 0.03224247429577482,
      "fq_vs_kivi_pct": 45.44921048875566,
      "fq_vs_turbo_pct": -5.6933368315803605
    }
  },
  "4bit": {
    "samples": 560,
    "key": {
      "fajarquant": 0.005971059454189053,
      "kivi": 0.006260161575840163,
      "turboquant": 0.0063617400070077835,
      "fq_vs_kivi_pct": 4.61812555712367,
      "fq_vs_turbo_pct": 6.141095869815117
    },
    "value": {
      "fajarquant": 0.008040429298252067,
      "kivi": 0.013521914925047694,
      "turboquant": 0.006937742528057332,
      "fq_vs_kivi_pct": 40.53779111301644,
      "fq_vs_turbo_pct": -15.894028435550833
    }
  }
}