{
  "2bit": {
    "samples": 5600,
    "key": {
      "fajarquant": 0.15358526973735923,
      "kivi": 0.161552308032658,
      "turboquant": 0.1611501951580234,
      "fq_vs_kivi_pct": 4.9315533726006695,
      "fq_vs_turbo_pct": 4.694332149735238
    },
    "value": {
      "fajarquant": 0.1873148415486533,
      "kivi": 0.3735992450226881,
      "turboquant": 0.1878969002022396,
      "fq_vs_kivi_pct": 49.86209312674656,
      "fq_vs_turbo_pct": 0.30977554869708007
    }
  },
  "3bit": {
    "samples": 5600,
    "key": {
      "fajarquant": 0.02773396379656151,
      "kivi": 0.028802822155878625,
      "turboquant": 0.029304569607383674,
      "fq_vs_kivi_pct": 3.710950105974113,
      "fq_vs_turbo_pct": 5.359593510038882
    },
    "value": {
      "fajarquant": 0.03518126920117526,
      "kivi": 0.06498984781519243,
      "turboquant": 0.03374560062949168,
      "fq_vs_kivi_pct": 45.86651548836053,
      "fq_vs_turbo_pct": -4.254387371694567
    }
  },
  "4bit": {
    "samples": 5600,
    "key": {
      "fajarquant": 0.006024357354106876,
      "kivi": 0.0062441351899824174,
      "turboquant": 0.0063694458434445595,
      "fq_vs_kivi_pct": 3.5197481987279073,
      "fq_vs_turbo_pct": 5.417873042956304
    },
    "value": {
      "fajarquant": 0.008300902409940669,
      "kivi": 0.014064871561006031,
      "turboquant": 0.007255185498995904,
      "fq_vs_kivi_pct": 40.98131380769664,
      "fq_vs_turbo_pct": -14.413372491847223
    }
  }
}