{
  "2bit": {
    "samples": 75,
    "key": {
      "fajarquant": 0.0008576291589440105,
      "kivi": 0.0009210310226698761,
      "turboquant": 0.0009113912109078104,
      "fq_vs_kivi_pct": 6.883792420159408,
      "fq_vs_turbo_pct": 5.898899541751027
    },
    "value": {
      "fajarquant": 0.1161689683391968,
      "kivi": 1.28651716270822,
      "turboquant": 0.11111185178624244,
      "fq_vs_kivi_pct": 90.97027449718182,
      "fq_vs_turbo_pct": -4.551374557849379
    }
  },
  "3bit": {
    "samples": 75,
    "key": {
      "fajarquant": 0.00015838148909449396,
      "kivi": 0.00016437018747467953,
      "turboquant": 0.00016607783592182947,
      "fq_vs_kivi_pct": 3.643421274985218,
      "fq_vs_turbo_pct": 4.634180584432752
    },
    "value": {
      "fajarquant": 0.020996492172419043,
      "kivi": 0.2621272891516544,
      "turboquant": 0.020194026453365023,
      "fq_vs_kivi_pct": 91.98996325778523,
      "fq_vs_turbo_pct": -3.9737776956328656
    }
  },
  "4bit": {
    "samples": 75,
    "key": {
      "fajarquant": 3.4151142091153594e-05,
      "kivi": 3.551404202791916e-05,
      "turboquant": 3.6046203186065216e-05,
      "fq_vs_kivi_pct": 3.837636773910817,
      "fq_vs_turbo_pct": 5.257311248925705
    },
    "value": {
      "fajarquant": 0.004516288101208587,
      "kivi": 0.0555398352229804,
      "turboquant": 0.004394559366283834,
      "fq_vs_kivi_pct": 91.86838044607683,
      "fq_vs_turbo_pct": -2.7699872678632187
    }
  }
}