{
  "_schema_version": "1.2",
  "tag": "baseline",
  "phase": "E2.x",
  "features_active": [],
  "features_requested": [],
  "n_steps": 24000,
  "val_loss": 4.155986309051514,
  "ppl": 63.814874706827894,
  "gate_pass": true,
  "gate_threshold": 4.2,
  "training_seconds": 12101.513768434525,
  "initial_loss": 10.429457664489746,
  "final_loss": 3.9480855464935303,
  "model_params": 46454016,
  "proof_of_life": false,
  "dry_run": false,
  "tracker_maps_path": null,
  "quant_error_path": null,
  "timestamp": "2026-05-01T10:47:38+00:00"
}