{
  "_schema_version": "1.2",
  "tag": "baseline",
  "phase": "E2.x",
  "features_active": [],
  "features_requested": [],
  "n_steps": 24000,
  "val_loss": 4.005183477401733,
  "ppl": 54.88189306249703,
  "gate_pass": false,
  "gate_threshold": 4.0,
  "training_seconds": 18372.01761841774,
  "initial_loss": 10.438614845275879,
  "final_loss": 3.814002275466919,
  "model_params": 74523648,
  "proof_of_life": false,
  "dry_run": false,
  "tracker_maps_path": null,
  "quant_error_path": null,
  "timestamp": "2026-05-01T20:24:14+00:00"
}