{
  "arch": {
    "vocab_size": 32768,
    "hidden_size": 256,
    "num_hidden_layers": 6,
    "max_position_embeddings": 1024
  },
  "train": {
    "seq_len": 1024,
    "batch_size": 8,
    "n_steps": 60000,
    "lr": 0.002,
    "weight_decay": 0.1,
    "warmup_steps": 2000,
    "grad_clip_norm": 1.0,
    "log_every": 100,
    "val_every": 5000,
    "val_steps": 100,
    "ckpt_every": 10000
  },
  "elapsed_seconds": 7023.029451608658,
  "losses": [
    10.419902801513672,
    9.310629844665527,
    7.583369731903076,
    7.348976135253906,
    7.07719612121582,
    6.401586532592773,
    6.379128932952881,
    6.2330098152160645,
    6.2557196617126465,
    6.36374044418335,
    7.17610502243042,
    5.565439224243164,
    5.898359775543213,
    5.071605205535889,
    4.882372856140137,
    6.200589656829834,
    5.777523040771484,
    5.908981800079346,
    5.504978179931641,
    6.097843170166016,
    5.935778617858887,
    4.771154880523682,
    5.952641487121582,
    6.133904457092285,
    6.014636039733887,
    5.984039306640625,
    5.754406929016113,
    6.044574737548828,
    5.456812858581543,
    6.250290393829346,
    5.828022003173828,
    5.570425987243652,
    5.328441143035889,
    5.038013458251953,
    4.498727321624756,
    5.43846321105957,
    5.752665042877197,
    5.073551177978516,
    5.461065769195557,
    5.266263484954834,
    4.973278045654297,
    5.268714904785156,
    5.110003471374512,
    5.35543966293335,
    5.5057053565979,
    5.552649974822998,
    4.687258243560791,
    5.6282958984375,
    5.517741680145264,
    5.7521772384643555,
    5.440528869628906,
    5.861015319824219,
    5.218515396118164,
    5.354125499725342,
    4.940853595733643,
    5.151221752166748,
    5.219167709350586,
    5.22926139831543,
    4.8206562995910645,
    5.029603481292725,
    5.100410461425781,
    5.167219161987305,
    7.865418434143066,
    5.114685535430908,
    5.016582012176514,
    3.9759902954101562,
    4.879294395446777,
    5.092902183532715,
    4.93073844909668,
    5.174393177032471,
    5.215325832366943,
    5.242159843444824,
    5.071518898010254,
    4.092956066131592,
    4.169074058532715,
    5.255913734436035,
    5.180956840515137,
    5.13387393951416,
    5.229425430297852,
    4.922587871551514,
    4.910527229309082,
    5.116551876068115,
    5.291290760040283,
    5.442088603973389,
    5.1379194259643555,
    5.111374855041504,
    4.9376115798950195,
    5.0235161781311035,
    5.4001922607421875,
    4.890195846557617,
    4.947207450866699,
    5.241295337677002,
    4.723781585693359,
    5.124055862426758,
    5.008883476257324,
    5.266007900238037,
    4.9681878089904785,
    4.277493476867676,
    5.039826393127441,
    5.045665740966797,
    5.137180805206299,
    5.35895299911499,
    4.940371513366699,
    4.372807502746582,
    5.034256935119629,
    4.940197944641113,
    4.092677116394043,
    5.0614752769470215,
    4.7571120262146,
    4.6790242195129395,
    5.169644832611084,
    4.834874153137207,
    5.006020545959473,
    5.349109172821045,
    4.66691780090332,
    4.31758975982666,
    5.248635768890381,
    5.484119892120361,
    5.2382612228393555,
    4.578769207000732,
    4.93430233001709,
    4.773090839385986,
    5.010773181915283,
    4.957020282745361,
    4.976233005523682,
    5.045468330383301,
    4.948959827423096,
    5.180645942687988,
    4.500795841217041,
    4.941092014312744,
    4.904660224914551,
    4.870581150054932,
    5.049965858459473,
    5.049289226531982,
    4.725036144256592,
    4.821371078491211,
    5.0100274085998535,
    5.458771705627441,
    4.926918983459473,
    4.947173595428467,
    5.009354114532471,
    5.315520286560059,
    4.93333101272583,
    4.904654026031494,
    5.065948009490967,
    4.832589149475098,
    4.456559658050537,
    5.068803310394287,
    4.99338436126709,
    4.723607540130615,
    4.393545150756836,
    5.2534990310668945,
    4.944141387939453,
    4.907838344573975,
    4.416996002197266,
    4.743858814239502,
    4.950284004211426,
    4.731452941894531,
    5.04658842086792,
    4.345922470092773,
    4.751041412353516,
    5.014551162719727,
    4.876716613769531,
    4.4300713539123535,
    4.862226486206055,
    4.802865982055664,
    4.487466812133789,
    4.6778483390808105,
    5.223657608032227,
    4.8118896484375,
    4.95379638671875,
    5.086740493774414,
    4.833164215087891,
    5.08749532699585,
    4.810797214508057,
    5.019567966461182,
    5.015824317932129,
    5.020050048828125,
    4.803744316101074,
    4.843319416046143,
    2.323791980743408,
    4.224428176879883,
    5.162357807159424,
    5.130892276763916,
    4.991237640380859,
    4.779624938964844,
    4.903217792510986,
    5.043906211853027,
    4.984936237335205,
    4.820559501647949,
    5.201754570007324,
    4.831978797912598,
    4.743514537811279,
    4.888331890106201,
    3.8075971603393555,
    5.122962474822998,
    5.187427043914795,
    4.674630165100098,
    5.3376569747924805,
    4.295578479766846,
    5.036856174468994,
    4.8812947273254395,
    5.093113422393799,
    4.549231052398682,
    4.868062973022461,
    4.582396984100342,
    5.040526866912842,
    4.876919746398926,
    4.727963924407959,
    5.277669429779053,
    4.944465637207031,
    5.374142169952393,
    4.750893592834473,
    4.906720161437988,
    4.8791279792785645,
    4.706931114196777,
    4.786637783050537,
    4.434159755706787,
    4.870386600494385,
    4.803408145904541,
    4.8014912605285645,
    4.63590669631958,
    4.690103530883789,
    4.829135417938232,
    4.722436904907227,
    4.955954074859619,
    4.686048984527588,
    4.780057430267334,
    4.962291717529297,
    4.154775619506836,
    4.157578945159912,
    3.9790048599243164,
    4.91652250289917,
    4.65277624130249,
    4.649714946746826,
    5.009429454803467,
    5.083000183105469,
    2.912471055984497,
    4.099977970123291,
    4.918646335601807,
    4.923720359802246,
    5.590208530426025,
    4.974570274353027,
    4.653139114379883,
    4.864800453186035,
    2.968736171722412,
    4.599822521209717,
    3.957442283630371,
    4.678968906402588,
    3.084733247756958,
    5.138382434844971,
    4.897565841674805,
    4.705774784088135,
    5.053370475769043,
    5.368937969207764,
    5.011665344238281,
    4.74790096282959,
    4.587785720825195,
    4.783255577087402,
    4.825204849243164,
    4.655562877655029,
    4.164279460906982,
    4.607810974121094,
    4.743770122528076,
    4.794968605041504,
    5.018627166748047,
    4.616618633270264,
    4.552728176116943,
    4.6734466552734375,
    4.684878826141357,
    4.035699367523193,
    4.940217018127441,
    5.048336505889893,
    4.906323432922363,
    4.933451175689697,
    4.821284294128418,
    4.38346529006958,
    4.758075714111328,
    4.927495002746582,
    4.793515682220459,
    4.847463130950928,
    4.9670023918151855,
    5.290837287902832,
    4.637382507324219,
    4.735179901123047,
    4.165308475494385,
    4.663771152496338,
    4.725119590759277,
    4.6582512855529785,
    4.819221496582031,
    4.554278373718262,
    4.64009428024292,
    4.748711109161377,
    4.987001895904541,
    4.334383487701416,
    4.922755241394043,
    4.626929759979248,
    4.706125736236572,
    4.795947074890137,
    4.73515510559082,
    4.506157398223877,
    4.577333450317383,
    4.445517539978027,
    4.174787521362305,
    4.704710006713867,
    4.50176477432251,
    4.7758893966674805,
    4.795151710510254,
    4.638629913330078,
    4.773035526275635,
    4.736780166625977,
    4.722664833068848,
    4.262271404266357,
    4.827407360076904,
    4.233588218688965,
    4.58683967590332,
    4.58966064453125,
    4.934131145477295,
    4.061855792999268,
    4.762394428253174,
    4.104691505432129,
    4.763617992401123,
    4.955570697784424,
    4.925234317779541,
    4.68438720703125,
    4.943390846252441,
    4.615634441375732,
    4.57157039642334,
