{
  "arch": {
    "vocab_size": 32768,
    "hidden_size": 512,
    "num_hidden_layers": 12,
    "max_position_embeddings": 2048
  },
  "train": {
    "seq_len": 2048,
    "batch_size": 8,
    "n_steps": 200,
    "lr": 0.001,
    "weight_decay": 0.1,
    "warmup_steps": 4000,
    "grad_clip_norm": 1.0,
    "log_every": 25,
    "val_every": 10000,
    "val_steps": 100,
    "ckpt_every": 20000
  },
  "elapsed_seconds": 168.90069484710693,
  "losses": [
    10.444559097290039,
    10.27659797668457,
    9.75027084350586,
    9.535576820373535,
    9.555469512939453,
    9.274042129516602,
    8.918283462524414,
    8.729681968688965,
    8.5296049118042,
    8.365788459777832,
    8.112212181091309,
    7.994647979736328,
    7.905014514923096,
    7.527788162231445,
    7.3740997314453125,
    7.68270206451416,
    7.626803398132324,
    7.76443338394165,
    7.394585132598877,
    7.6116743087768555,
    7.867682933807373,
    7.532976150512695,
    7.484923362731934,
    7.3642964363098145,
    6.708056926727295,
    7.417154788970947,
    7.2293829917907715,
    7.089319705963135,
    7.292647361755371,
    7.302100658416748,
    9.218466758728027,
    8.542760848999023,
    7.129706859588623,
    7.295673847198486,
    7.165269374847412,
    7.3283867835998535,
    7.1653733253479,
    7.129615783691406,
    7.201272010803223,
    6.9694085121154785,
    7.185944557189941,
    7.119678020477295,
    7.210452079772949,
    6.877009391784668,
    7.293649196624756,
    6.951477527618408,
    7.074007987976074,
    7.074273586273193,
    7.462714195251465,
    7.913918495178223,
    6.696544647216797,
    7.508501052856445,
    7.313384532928467,
    7.000803470611572,
    6.982964515686035,
    6.629441738128662,
    6.81409215927124,
    6.866029739379883,
    7.188163757324219,
    6.97321891784668,
    6.8706440925598145,
    6.89381217956543,
    7.438525676727295,
    6.839443206787109,
    7.1339545249938965,
    6.999143123626709,
    7.099496841430664,
    6.341066837310791,
    6.700397968292236,
    7.142818927764893,
    6.819215774536133,
    6.751429080963135,
    6.928639888763428,
    7.209303855895996,
    6.8234453201293945,
    6.932886600494385,
    6.906675338745117,
    7.022989749908447,
    6.87862491607666,
    6.863814830780029,
    6.854183673858643,
    6.666979789733887,
    7.159491062164307,
    6.702971458435059,
    7.829471111297607,
    6.735279083251953,
    6.577878475189209,
    6.64199686050415,
    5.754295825958252,
    6.341161727905273,
    6.945483207702637,
    6.99509334564209,
    6.780362606048584,
    6.701412200927734,
    7.096500873565674,
    6.680424213409424,
    6.748047351837158,
    6.918954372406006,
    6.789481163024902,
    6.4554924964904785,
    6.525683403015137,
    6.601630687713623,
    6.550307750701904,
    6.75888729095459,
    6.6615519523620605,
    6.920884132385254,
    6.870117664337158,
    6.663604259490967,
    6.420111179351807,
    6.656940937042236,
    7.001450061798096,
    6.513270378112793,
    6.407967567443848,
    6.788614273071289,
    6.440141677856445,
    6.5460615158081055,
    6.325638294219971,
    6.632630348205566,
    6.433218479156494,
    6.773214340209961,
    6.750613212585449,
    6.437653541564941,
    6.819188594818115,
    6.804393768310547,
    6.301806926727295,
    6.529613971710205,
    6.271298408508301,
    6.733547687530518,
    6.549807071685791,
    6.521319389343262,
    6.555379390716553,
    6.437148094177246,
    6.538693428039551,
    6.729689121246338,
    6.660195350646973,
    6.459509372711182,
    6.62177848815918,
    6.4814581871032715,
    6.534384250640869,
    6.000887870788574,
    6.047553539276123,
    6.7199602127075195,
    6.430756568908691,
    6.413651943206787,
    6.533487796783447,
    6.452838897705078,
    6.530742645263672,
    6.688171863555908,
    6.580862045288086,
    6.353930950164795,
    6.388006687164307,
    6.386669158935547,
    6.598776340484619,
    6.521897792816162,
    6.550492763519287,
    6.393561363220215,
    5.614407062530518,
    6.105025291442871,
    6.564142227172852,
    6.469740390777588,
    6.743619918823242,
    7.213010311126709,
    6.463716506958008,
    6.739207744598389,
    6.466422080993652,
    6.322175979614258,
    6.3978142738342285,
    6.500068664550781,
    6.352786540985107,
    6.009247779846191,
    6.009868144989014,
    6.51932430267334,
    6.122341632843018,
    6.527627944946289,
    6.207456588745117,
    6.465113639831543,
    6.432318687438965,
    6.523083686828613,
    6.283390998840332,
    6.190231800079346,
    6.5373077392578125,
    6.470068454742432,
    6.41818380355835,
    6.821547031402588,
    6.282524585723877,
    6.412721157073975,
    6.103006362915039,
    6.168637752532959,
    5.956064701080322,
    6.00637674331665,
    6.345871448516846,
    6.295652866363525,
    6.168539524078369,
    6.247378349304199,
    6.433844566345215,
    6.151136875152588,
    6.333366870880127,
    6.816492557525635,
    7.553630352020264,
    7.050548553466797
  ],
  "initial_loss": 10.444559097290039,
  "final_loss": 7.050548553466797,
  "val_loss": NaN
}