{
  "arch": {
    "vocab_size": 32768,
    "hidden_size": 384,
    "num_hidden_layers": 12,
    "max_position_embeddings": 2048
  },
  "train": {
    "seq_len": 2048,
    "batch_size": 8,
    "n_steps": 200,
    "lr": 0.002,
    "weight_decay": 0.1,
    "warmup_steps": 2000,
    "grad_clip_norm": 1.0,
    "log_every": 25,
    "val_every": 5000,
    "val_steps": 100,
    "ckpt_every": 10000
  },
  "elapsed_seconds": 152.2558569908142,
  "losses": [
    10.431097984313965,
    10.258021354675293,
    9.648720741271973,
    9.480518341064453,
    9.305314064025879,
    8.938492774963379,
    8.530580520629883,
    8.292798042297363,
    8.063194274902344,
    7.9082489013671875,
    7.683213233947754,
    7.663179874420166,
    7.647061824798584,
    7.239259243011475,
    7.105684280395508,
    7.734452247619629,
    7.678728103637695,
    7.926764011383057,
    7.575204849243164,
    7.809919834136963,
    8.000150680541992,
    7.636195659637451,
    7.685678958892822,
    7.597080707550049,
    6.810301303863525,
    7.583917617797852,
    7.348373889923096,
    7.172685146331787,
    7.439049243927002,
    7.473408222198486,
    9.533416748046875,
    8.63094425201416,
    7.351827144622803,
    7.518984317779541,
    7.398443698883057,
    7.510915279388428,
    7.323266506195068,
    7.3055195808410645,
    7.376286029815674,
    7.1379618644714355,
    7.377082824707031,
    7.294501304626465,
    7.415780544281006,
    7.115553855895996,
    7.54467248916626,
    7.2208662033081055,
    7.290401458740234,
    7.292546272277832,
    7.722011089324951,
    8.278363227844238,
    6.8765692710876465,
    7.698038101196289,
    7.544590950012207,
    7.307841777801514,
    7.254765033721924,
    6.868596076965332,
    7.0520148277282715,
    7.087430000305176,
    7.415035724639893,
    7.202890396118164,
    7.116653919219971,
    7.096927165985107,
    7.694624423980713,
    7.053578853607178,
    7.353949546813965,
    7.193510055541992,
    7.242697238922119,
    6.542502403259277,
    6.939490795135498,
    7.291418075561523,
    7.022801876068115,
    6.974496841430664,
    7.115381717681885,
    7.319067478179932,
    7.022853374481201,
    7.140528202056885,
    7.0880961418151855,
    7.183053016662598,
    7.00144624710083,
    7.034443378448486,
    7.030391216278076,
    6.843066215515137,
    7.291128158569336,
    6.891201972961426,
    7.97018575668335,
    6.899001121520996,
    6.783731937408447,
    6.810451507568359,
    5.84214973449707,
    6.438681602478027,
    7.096961498260498,
    7.173622131347656,
    6.9507646560668945,
    6.888851642608643,
    7.157749176025391,
    6.851766586303711,
    6.883609294891357,
    7.039272308349609,
    6.951211452484131,
    6.64682674407959,
    6.695064067840576,
    6.7611165046691895,
    6.724008560180664,
    6.93791389465332,
    6.804394721984863,
    7.086977005004883,
    7.022878170013428,
    6.813189506530762,
    6.548742294311523,
    6.8052544593811035,
    7.156099319458008,
    6.693212509155273,
    6.6086859703063965,
    6.939322471618652,
    6.627089500427246,
    6.72938871383667,
    6.558642387390137,
    6.766702651977539,
    6.628546237945557,
    6.973236083984375,
    6.921188831329346,
    6.644300937652588,
    6.977560520172119,
    6.956655502319336,
    6.48919153213501,
    6.674916744232178,
    6.47953462600708,
    6.866222858428955,
    6.747593402862549,
    6.738354206085205,
    6.723618030548096,
    6.6247711181640625,
    6.710639953613281,
    6.85841178894043,
    6.790530204772949,
    6.631036758422852,
    6.803342342376709,
    6.648735523223877,
    6.689316749572754,
    6.225687503814697,
    6.223795413970947,
    6.8505425453186035,
    6.582069396972656,
    6.60312557220459,
    6.699990749359131,
    6.658807754516602,
    6.727848052978516,
    6.84498929977417,
    6.733627796173096,
    6.509683609008789,
    6.54755163192749,
    6.507596015930176,
    6.683270454406738,
    6.6385345458984375,
    6.716635227203369,
    6.565528392791748,
    5.729483127593994,
    6.219403266906738,
    6.65282678604126,
    6.645900249481201,
    6.892469882965088,
    7.3264970779418945,
    6.613873481750488,
    6.881535053253174,
    6.623104572296143,
    6.47413444519043,
    6.514265537261963,
    6.661837577819824,
    6.514700889587402,
    6.207185745239258,
    6.197244644165039,
    6.666505813598633,
    6.2585554122924805,
    6.666222095489502,
    6.380941390991211,
    6.62428617477417,
    6.5924072265625,
    6.69025993347168,
    6.436081409454346,
    6.349318981170654,
    6.6908087730407715,
    6.627388954162598,
    6.521728515625,
    6.872310161590576,
    6.46273136138916,
    6.561335563659668,
    6.254504680633545,
    6.315414905548096,
    6.111098766326904,
    6.147954940795898,
    6.4640045166015625,
    6.425125598907471,
    6.300273418426514,
    6.399170875549316,
    6.609588623046875,
    6.310065269470215,
    6.480076789855957,
    6.977116107940674,
    7.688326358795166,
    7.192898750305176
  ],
  "initial_loss": 10.431097984313965,
  "final_loss": 7.192898750305176,
  "val_loss": NaN
}