{
  "arch": {
    "vocab_size": 32768,
    "hidden_size": 256,
    "num_hidden_layers": 6,
    "max_position_embeddings": 1024
  },
  "train": {
    "seq_len": 1024,
    "batch_size": 8,
    "n_steps": 200,
    "lr": 0.002,
    "weight_decay": 0.1,
    "warmup_steps": 2000,
    "grad_clip_norm": 1.0,
    "log_every": 25,
    "val_every": 5000,
    "val_steps": 100,
    "ckpt_every": 10000
  },
  "elapsed_seconds": 61.89869141578674,
  "losses": [
    10.417265892028809,
    10.313178062438965,
    9.987414360046387,
    9.842368125915527,
    9.468100547790527,
    9.361262321472168,
    9.083616256713867,
    8.840169906616211,
    8.879478454589844,
    8.823582649230957,
    8.260706901550293,
    8.451614379882812,
    7.989433765411377,
    7.877139091491699,
    7.749321937561035,
    7.743059158325195,
    7.542151927947998,
    7.756120204925537,
    7.587240695953369,
    7.665379047393799,
    7.566835403442383,
    7.333230972290039,
    7.692734241485596,
    7.2527360916137695,
    7.38071346282959,
    7.557305812835693,
    7.391021251678467,
    6.542092323303223,
    6.3472723960876465,
    7.500512599945068,
    7.286738872528076,
    7.661792278289795,
    7.533486366271973,
    7.500885486602783,
    7.9082183837890625,
    7.487769603729248,
    7.296005725860596,
    7.260637283325195,
    7.355163097381592,
    7.794534683227539,
    8.03267765045166,
    7.568748474121094,
    7.444076061248779,
    7.40382194519043,
    7.3179240226745605,
    7.508503437042236,
    7.204705715179443,
    7.243276596069336,
    5.784769535064697,
    7.310332298278809,
    7.32987117767334,
    7.276966571807861,
    7.137627601623535,
    7.004310131072998,
    7.157050609588623,
    6.811700820922852,
    7.0620198249816895,
    7.1960601806640625,
    7.120419979095459,
    7.069184303283691,
    8.59067440032959,
    9.208235740661621,
    8.86836051940918,
    8.136617660522461,
    7.600587844848633,
    7.136588096618652,
    7.261934280395508,
    7.096916198730469,
    6.914339542388916,
    7.260785102844238,
    7.124636173248291,
    7.377102851867676,
    6.932438850402832,
    7.199910640716553,
    6.887538433074951,
    6.988330841064453,
    7.1532087326049805,
    7.00714635848999,
    6.774727821350098,
    6.8455281257629395,
    7.053730010986328,
    7.066757678985596,
    7.05643367767334,
    6.905495643615723,
    7.0336833000183105,
    7.11256217956543,
    6.758244514465332,
    6.728158473968506,
    6.931822776794434,
    7.393460273742676,
    6.761277198791504,
    6.933173656463623,
    7.034969806671143,
    6.767602920532227,
    7.142755508422852,
    6.747159481048584,
    6.748570919036865,
    7.866824150085449,
    8.34847354888916,
    7.318328380584717,
    6.970381259918213,
    6.197466850280762,
    6.94811487197876,
    7.9185099601745605,
    7.1494598388671875,
    7.169233798980713,
    6.991878986358643,
    6.807538986206055,
    6.94580602645874,
    6.749671459197998,
    6.476988792419434,
    6.362127304077148,
    6.63762092590332,
    6.6035332679748535,
    6.802945137023926,
    6.610352993011475,
    7.331288814544678,
    6.879409313201904,
    7.005248546600342,
    6.627047538757324,
    6.914780139923096,
    6.4872636795043945,
    6.498970985412598,
    7.02843713760376,
    6.742543697357178,
    7.856406211853027,
    6.827045440673828,
    6.5955071449279785,
    7.196239471435547,
    6.927255630493164,
    6.867650508880615,
    6.862015724182129,
    7.09691047668457,
    6.852730751037598,
    6.709496974945068,
    5.752446174621582,
    6.66509485244751,
    6.649413585662842,
    6.808598041534424,
    7.255660057067871,
    6.708823204040527,
    6.75586462020874,
    6.842066764831543,
    6.4589762687683105,
    6.741623401641846,
    6.934295177459717,
    7.009007453918457,
    7.066229820251465,
    6.87409782409668,
    6.614717483520508,
    6.933011531829834,
    6.779662609100342,
    6.827029228210449,
    6.7637939453125,
    7.061590194702148,
    6.695094585418701,
    6.74175500869751,
    6.725411415100098,
    6.581111431121826,
    6.848023414611816,
    6.9175848960876465,
    6.572026252746582,
    6.471538066864014,
    6.599438667297363,
    7.089311122894287,
    6.964547157287598,
    6.6320624351501465,
    6.546909332275391,
    8.62721061706543,
    7.009783744812012,
    6.442263603210449,
    6.78276252746582,
    6.4343156814575195,
    6.559761047363281,
    6.530535697937012,
    6.505040168762207,
    6.312538146972656,
    4.982139587402344,
    6.123337745666504,
    6.214588165283203,
    6.778421878814697,
    6.846264362335205,
    7.026854038238525,
    6.865120887756348,
    6.649857044219971,
    6.725329399108887,
    6.707428455352783,
    6.478367805480957,
    7.067584037780762,
    6.590413570404053,
    6.834266662597656,
    6.457686424255371,
    6.785229206085205,
    6.571954727172852,
    6.845002174377441,
    6.747213363647461,
    6.57546854019165,
    6.781570911407471,
    6.432441711425781,
    6.26029634475708
  ],
  "initial_loss": 10.417265892028809,
  "final_loss": 6.26029634475708
}