{
  "arch": {
    "vocab_size": 32768,
    "hidden_size": 256,
    "num_hidden_layers": 6,
    "max_position_embeddings": 1024
  },
  "train": {
    "seq_len": 1024,
    "batch_size": 8,
    "n_steps": 60000,
    "lr": 0.002,
    "weight_decay": 0.1,
    "warmup_steps": 2000,
    "grad_clip_norm": 1.0,
    "log_every": 100,
    "val_every": 5000,
    "val_steps": 100,
    "ckpt_every": 10000
  },
  "elapsed_seconds": 6472.428067684174,
  "losses": [
    10.424176216125488,
    6.981476783752441,
    6.389800071716309,
    6.720823764801025,
    6.053014278411865,
    5.934716701507568,
    5.966087341308594,
    6.0172600746154785,
    6.070069789886475,
    5.967263221740723,
    6.539961814880371,
    5.47239351272583,
    5.798513889312744,
    4.974863052368164,
    4.755123138427734,
    6.048705577850342,
    5.696874141693115,
    5.826038360595703,
    5.431861877441406,
    5.882700443267822,
    5.810408592224121,
    4.79550838470459,
    5.908488750457764,
    6.061458110809326,
    5.939723491668701,
    5.957939147949219,
    5.712287902832031,
    5.975765228271484,
    5.4280314445495605,
    6.264712333679199,
    5.800692558288574,
    5.55249547958374,
    5.319667339324951,
    5.018820285797119,
    4.5495123863220215,
    5.405203819274902,
    5.755007743835449,
    5.06241512298584,
    5.468174457550049,
    5.252281665802002,
    4.949648380279541,
    5.269235610961914,
    5.145718574523926,
    5.36998176574707,
    5.530238151550293,
    5.529129981994629,
    4.715029239654541,
    5.628626823425293,
    5.537178039550781,
    5.779905796051025,
    5.466257572174072,
    5.913569450378418,
    5.227193355560303,
    5.412407398223877,
    5.041463375091553,
    5.165757656097412,
    5.208056449890137,
    5.2401275634765625,
    4.874449253082275,
    5.078225612640381,
    5.119970321655273,
    5.172581672668457,
    7.368960380554199,
    5.138948917388916,
    5.043423175811768,
    4.1013593673706055,
    4.920502185821533,
    5.102144718170166,
    4.962522029876709,
    5.2128753662109375,
    5.207444667816162,
    5.22003698348999,
    5.078120231628418,
    4.11785888671875,
    4.180049419403076,
    5.242830753326416,
    5.187880039215088,
    5.155631065368652,
    5.2248616218566895,
    4.954570293426514,
    4.867407321929932,
    5.122503757476807,
    5.20389461517334,
    5.461198329925537,
    5.153205871582031,
    5.123011589050293,
    4.938735485076904,
    5.02140474319458,
    5.369577884674072,
    4.898406982421875,
    4.951934814453125,
    5.231106281280518,
    4.6944780349731445,
    5.135420799255371,
    5.002937316894531,
    5.316824436187744,
    4.996622562408447,
    4.280251502990723,
    5.048304557800293,
    5.066086292266846,
    5.132144451141357,
    5.35342264175415,
    4.974055767059326,
    4.351980686187744,
    5.038265705108643,
    4.998667240142822,
    4.120635509490967,
    5.080205917358398,
    4.765302658081055,
    4.683872222900391,
    5.197286128997803,
    4.914882183074951,
    5.026275634765625,
    5.377557754516602,
    4.676994323730469,
    4.334929466247559,
    5.254181385040283,
    5.5237555503845215,
    5.277008533477783,
    4.571014404296875,
    4.9186930656433105,
    4.735909938812256,
    5.028158664703369,
    4.974405765533447,
    5.01561164855957,
    5.055288791656494,
    4.9636030197143555,
    5.191475868225098,
    4.509902477264404,
    4.95683479309082,
    4.92502498626709,
    4.882735252380371,
    5.089783191680908,
    5.047335624694824,
    4.726003170013428,
    4.8196258544921875,
    5.006646633148193,
    5.4734907150268555,
    4.955948352813721,
    4.97154426574707,
    5.0621018409729,
    5.322877407073975,
    4.934892177581787,
    4.92242431640625,
    5.071128845214844,
    4.854918956756592,
    4.45660924911499,
    5.082417011260986,
    4.9926438331604,
    4.7527947425842285,
    4.404359817504883,
    5.210404872894287,
    4.940690994262695,
    4.911289215087891,
    4.447769641876221,
    4.7533464431762695,
    4.937053680419922,
    4.732263565063477,
    5.07924222946167,
    4.345398902893066,
    4.803913593292236,
    5.059521198272705,
    4.9083757400512695,
    4.3977484703063965,
    4.854618072509766,
    4.837268352508545,
    4.501283168792725,
    4.684442520141602,
    5.24964714050293,
    4.871580600738525,
    4.957773208618164,
    5.081231117248535,
    4.831049919128418,
    5.07728385925293,
    4.83457088470459,
    5.126217842102051,
    5.0191473960876465,
    5.031078338623047,
    4.812529563903809,
    4.89477014541626,
    2.2008163928985596,
    4.233127117156982,
    5.182101249694824,
    5.122903823852539,
    5.035935401916504,
    4.8060526847839355,
    4.9441022872924805,
    5.021035671234131,
    5.025465488433838,
    4.845617294311523,
    5.228311061859131,
    4.860762119293213,
    4.767645835876465,
    4.938322067260742,
    3.923374652862549,
    5.096879959106445,
    5.250454902648926,
    4.68898344039917,
    5.387959957122803,
    4.309081554412842,
    5.066382884979248,
    4.892203330993652,
    5.118955612182617,
    4.568727970123291,
    4.857064247131348,
    4.545599937438965,
    5.0559258460998535,
    4.913403034210205,
    4.750155925750732,
    5.328742504119873,
    4.965106010437012,
    5.382765769958496,
    4.792924404144287,
    4.974675178527832,
    4.905660152435303,
    4.736309051513672,
    4.802336692810059,
    4.410425662994385,
    4.92866325378418,
    4.843605995178223,
    4.88677978515625,
    4.732590198516846,
    4.752100467681885,
    4.868784427642822,
    4.74877405166626,
    4.940051555633545,
    4.727325439453125,
    4.835152626037598,
    5.007282733917236,
    4.192627429962158,
    4.147266387939453,
    4.002015590667725,
    4.950750350952148,
    4.678577899932861,
    4.673342704772949,
    5.094573974609375,
    5.152191162109375,
    3.0149571895599365,
    4.130709648132324,
    4.972898006439209,
    4.984587669372559,
    5.657155990600586,
    5.047410011291504,
    4.709840774536133,
    4.9423627853393555,
    3.080059766769409,
    4.660786151885986,
    3.9805490970611572,
    4.721826553344727,
    3.061683177947998,
    5.226256847381592,
    4.961145401000977,
    4.771764278411865,
    5.112737655639648,
    5.482138156890869,
    5.130687236785889,
    4.943824291229248,
    4.652172088623047,
    4.85128927230835,
    4.875994682312012,
    4.74629545211792,
    4.186838626861572,
    4.677656173706055,
    4.80879020690918,
    4.857605934143066,
    5.13317346572876,
    4.673015117645264,
    4.632412433624268,
    4.730405330657959,
    4.829594135284424,
    4.019195079803467,
    5.051083087921143,
    5.1807427406311035,
    4.975533485412598,
    5.038754940032959,
    4.897333145141602,
    4.417140960693359,
    4.826979160308838,
    5.031284809112549,
    4.898057460784912,
    4.9428582191467285,
    5.132503032684326,
    5.358822345733643,
    4.718916893005371,
    4.827030181884766,
    4.226518630981445,
    4.746273994445801,
    4.825976848602295,
    4.749267101287842,
    4.914440631866455,
    4.6520490646362305,
    4.775643825531006,
    4.889091491699219,
    5.1435441970825195,
    4.4025702476501465,
    5.050018310546875,
    4.70082426071167,
    4.7814764976501465,
    4.910818576812744,
    4.820061206817627,
    4.58269739151001,
    4.684899806976318,
    4.5289483070373535,
    4.2991862297058105,
    4.847122669219971,
    4.679782867431641,
    4.865626811981201,
    4.86704158782959,
    4.760118007659912,
    4.902532577514648,
    4.86359167098999,
    4.869261741638184,
    4.3123016357421875,
    4.923693656921387,
    4.409604072570801,
    4.744090557098389,
    4.682375907897949,
    5.0884785652160645,
    4.072665214538574,
    4.913267135620117,
    4.202803134918213,
    4.888295650482178,
    5.058135032653809,
    5.047596454620361,
    4.795260429382324,
    5.061650276184082,
    4.75033712387085,
    4.693350315093994,
