{
  "arch": {
    "vocab_size": 32768,
    "hidden_size": 384,
    "num_hidden_layers": 12,
    "max_position_embeddings": 2048
  },
  "train": {
    "seq_len": 2048,
    "batch_size": 4,
    "n_steps": 60000,
    "lr": 0.002,
    "weight_decay": 0.1,
    "warmup_steps": 2000,
    "grad_clip_norm": 1.0,
    "log_every": 100,
    "val_every": 5000,
    "val_steps": 100,
    "ckpt_every": 10000
  },
  "elapsed_seconds": 15660.835586071014,
  "losses": [
    10.43291187286377,
    8.775223731994629,
    7.076175689697266,
    7.046730041503906,
    6.81361722946167,
    6.188918113708496,
    6.189579486846924,
    6.131322860717773,
    6.195241928100586,
    6.191323280334473,
    7.089674949645996,
    5.5074052810668945,
    5.814354419708252,
    4.888158798217773,
    4.79033899307251,
    6.148870468139648,
    5.711400032043457,
    5.832925319671631,
    5.434916973114014,
    6.0447893142700195,
    5.874152183532715,
    4.710161209106445,
    5.901798725128174,
    6.115236282348633,
    5.924301624298096,
    5.950962066650391,
    5.6962890625,
    5.9739990234375,
    5.434790134429932,
    6.221871852874756,
    5.748000144958496,
    5.479461193084717,
    5.251955509185791,
    4.937434196472168,
    4.4190449714660645,
    5.340342044830322,
    5.677729606628418,
    4.964561462402344,
    5.381813049316406,
    5.185191631317139,
    4.866114139556885,
    5.1723809242248535,
    5.041780471801758,
    5.2603888511657715,
    5.430837154388428,
    5.399329662322998,
    4.6642351150512695,
    5.5246405601501465,
    5.444520950317383,
    5.658092021942139,
    5.357786178588867,
    5.7144551277160645,
    5.078747749328613,
    5.277204990386963,
    4.94802713394165,
    5.021203994750977,
    5.09410285949707,
    5.035459518432617,
    4.737163543701172,
    4.878210544586182,
    4.952693939208984,
    5.068473815917969,
    7.445775985717773,
    5.04671573638916,
    4.898537635803223,
    3.8668291568756104,
    4.794787406921387,
    4.972875595092773,
    4.791819095611572,
    5.079853057861328,
    5.065465450286865,
    5.103686332702637,
    4.935748100280762,
    3.9673397541046143,
    4.0794901847839355,
    5.098905086517334,
    5.037633419036865,
    5.0066633224487305,
    5.0981831550598145,
    4.799717426300049,
    4.780030250549316,
    4.989682197570801,
    5.1873273849487305,
    5.2845940589904785,
    4.991120338439941,
    4.986876487731934,
    4.778429985046387,
    4.885959148406982,
    5.212185859680176,
    4.691850662231445,
    4.789034366607666,
    5.062312126159668,
    4.564361572265625,
    5.011125087738037,
    4.8723626136779785,
    5.150193214416504,
    4.855278968811035,
    4.159995079040527,
    4.888132572174072,
    4.912748336791992,
    4.970897197723389,
    5.22537899017334,
    4.8027191162109375,
    4.138460636138916,
    4.903721332550049,
    4.803856372833252,
    4.047813415527344,
    4.906273365020752,
    4.620888710021973,
    4.537709712982178,
    5.016991138458252,
    4.697819232940674,
    4.860966682434082,
    5.223161220550537,
    4.504770278930664,
    4.204418659210205,
    5.091609954833984,
    5.353860855102539,
    5.087149620056152,
    4.399329662322998,
    4.758255958557129,
    4.619351387023926,
    4.86931037902832,
    4.796020030975342,
    4.8364434242248535,
    4.752593517303467,
    4.795014381408691,
    5.022130489349365,
    4.329533100128174,
    4.778802871704102,
    4.734609603881836,
    4.713608264923096,
    4.928385257720947,
    4.890582084655762,
    4.570866107940674,
    4.648384094238281,
    4.849599361419678,
    5.326919078826904,
    4.79934549331665,
    4.779173851013184,
    4.8497514724731445,
    5.168159008026123,
    4.772047519683838,
    4.7566142082214355,
    4.915006160736084,
    4.681159973144531,
    4.233175754547119,
    4.916703701019287,
    4.8192901611328125,
    4.55911111831665,
    4.228062152862549,
    5.015182971954346,
    4.7684102058410645,
    4.762953281402588,
    4.24491548538208,
    4.571996212005615,
    4.737333297729492,
    4.518388748168945,
    4.918211936950684,
    4.164628028869629,
    4.634238243103027,
    4.632307529449463,
    4.698845863342285,
    4.264371395111084,
    4.655074596405029,
    4.636672496795654,
    4.322272300720215,
    4.511664390563965,
    5.036808490753174,
    4.687885284423828,
    4.803818225860596,
    4.9081926345825195,
    4.681522846221924,
    4.935230255126953,
    4.637339115142822,
    4.907684803009033,
    4.844086647033691,
    4.852677822113037,
    4.651184558868408,
    4.698955535888672,
    2.0856895446777344,
    4.034477710723877,
    5.00855016708374,
    4.860440731048584,
    4.83199405670166,
    4.6444501876831055,
    4.7504730224609375,
    4.833110332489014,
    4.846160888671875,
    4.70586633682251,
    5.034836292266846,
    4.662760257720947,
    4.567462921142578,
    4.840577602386475,
    3.695807456970215,
    4.921121120452881,
    5.053757667541504,
    4.524287223815918,
    5.125221252441406,
    4.141760349273682,
    4.88961935043335,
    4.712680339813232,
    4.944141864776611,
    4.379295349121094,
    4.692343235015869,
    4.363890171051025,
    4.8777689933776855,
    4.722836017608643,
    4.538749694824219,
    5.1124138832092285,
    4.772157669067383,
    5.182361602783203,
    4.640079021453857,
    4.746132850646973,
    4.6944756507873535,
    4.576590538024902,
    4.583320140838623,
    4.206514358520508,
    4.677943229675293,
    4.664574146270752,
    4.638107776641846,
    4.463682174682617,
    4.455513954162598,
    4.664331436157227,
    4.546223163604736,
    4.715261459350586,
    4.501104831695557,
    4.626561641693115,
    4.802613735198975,
    4.039763927459717,
    3.8943042755126953,
    3.8516921997070312,
    4.720273971557617,
    4.497277736663818,
    4.491124629974365,
    4.841344833374023,
    4.935551643371582,
    2.725994825363159,
    3.874596357345581,
    4.775728225708008,
    4.735104560852051,
    5.409652233123779,
    4.799407958984375,
    4.476561546325684,
    4.712124347686768,
    2.8887434005737305,
    4.430210590362549,
    3.839876651763916,
    4.498173713684082,
    2.643847703933716,
    4.9341888427734375,
    4.702483654022217,
    4.546669006347656,
    4.917882442474365,
    5.233730792999268,
    4.829698085784912,
    4.592658519744873,
    4.431321144104004,
    4.609526634216309,
    4.664536476135254,
    4.475927829742432,
    3.956254005432129,
    4.447681427001953,
    4.611024856567383,
    4.626216411590576,
    4.838595390319824,
    4.433157920837402,
    4.3634490966796875,
    4.525378227233887,
    4.527690887451172,
    3.815333127975464,
    4.743673324584961,
    4.94829797744751,
    4.710699558258057,
    4.788090229034424,
    4.669561386108398,
    4.270532608032227,
    4.582280158996582,
    4.796968936920166,
    4.643991947174072,
    4.679604530334473,
    4.753451347351074,
    5.137128829956055,
    4.473181247711182,
    4.569558620452881,
    4.018728256225586,
    4.507942199707031,
    4.556254863739014,
    4.484175205230713,
    4.622981548309326,
    4.414616584777832,
    4.503204822540283,
    4.566701889038086,
    4.845249176025391,
    4.1738176345825195,
    4.7975897789001465,
    4.481908321380615,
    4.551863193511963,
    4.636238098144531,
    4.538392543792725,
    4.298594951629639,
    4.380693435668945,
    4.282094478607178,
    4.018158912658691,
    4.517402648925781,
    4.2812042236328125,
    4.600024223327637,
    4.633493423461914,
    4.455404281616211,
    4.61604642868042,
    4.524504661560059,
    4.549061298370361,
    4.121590614318848,
    4.643295764923096,
    4.061440944671631,
    4.3966965675354,
    4.38031530380249,
    4.808751106262207,
    3.9366750717163086,
    4.548542022705078,
    3.908021926879883,
    4.634139537811279,
    4.773015022277832,
    4.725831508636475,
    4.526666641235352,
    4.767696380615234,
    4.448814392089844,
