{
  "2bit": {
    "samples": 12800,
    "key": {
      "fajarquant": 0.16339975234781662,
      "kivi": 0.1747357627732428,
      "turboquant": 0.1695786482464033,
      "fq_vs_kivi_pct": 6.487515918614259,
      "fq_vs_turbo_pct": 3.643675641056271
    },
    "value": {
      "fajarquant": 0.04243019526952937,
      "kivi": 0.07886432424271324,
      "turboquant": 0.038288167922868,
      "fq_vs_kivi_pct": 46.198492566872204,
      "fq_vs_turbo_pct": -10.81803484305003
    }
  },
  "3bit": {
    "samples": 12800,
    "key": {
      "fajarquant": 0.02953873803952013,
      "kivi": 0.030956415196656716,
      "turboquant": 0.030845025298952545,
      "fq_vs_kivi_pct": 4.579590847746791,
      "fq_vs_turbo_pct": 4.235001420072675
    },
    "value": {
      "fajarquant": 0.0076390184291504504,
      "kivi": 0.01441604039809226,
      "turboquant": 0.006984556142501854,
      "fq_vs_kivi_pct": 47.010287026100755,
      "fq_vs_turbo_pct": -9.370134240400981
    }
  },
  "4bit": {
    "samples": 12800,
    "key": {
      "fajarquant": 0.0064154793253967946,
      "kivi": 0.006706586908177607,
      "turboquant": 0.006704826468488704,
      "fq_vs_kivi_pct": 4.340621940287597,
      "fq_vs_turbo_pct": 4.315505322200078
    },
    "value": {
      "fajarquant": 0.0016571176326448849,
      "kivi": 0.003136517940083592,
      "turboquant": 0.0015189241442820467,
      "fq_vs_kivi_pct": 47.16696463082495,
      "fq_vs_turbo_pct": -9.098116511154576
    }
  }
}