{
  "2bit": {
    "samples": 1280,
    "key": {
      "fajarquant": 0.1611578354695638,
      "kivi": 0.1748813041198975,
      "turboquant": 0.16899227251803034,
      "fq_vs_kivi_pct": 7.847304615778122,
      "fq_vs_turbo_pct": 4.6359735458499465
    },
    "value": {
      "fajarquant": 0.04174438435961009,
      "kivi": 0.0779504917402015,
      "turboquant": 0.03758954831882644,
      "fq_vs_kivi_pct": 46.44756764493737,
      "fq_vs_turbo_pct": -11.053168305038481
    }
  },
  "3bit": {
    "samples": 1280,
    "key": {
      "fajarquant": 0.029230997954798825,
      "kivi": 0.030942973732889734,
      "turboquant": 0.030727456687840216,
      "fq_vs_kivi_pct": 5.532680190563665,
      "fq_vs_turbo_pct": 4.8701028147037775
    },
    "value": {
      "fajarquant": 0.007542808872213922,
      "kivi": 0.014218604748478993,
      "turboquant": 0.006854003621625836,
      "fq_vs_kivi_pct": 46.95113194548291,
      "fq_vs_turbo_pct": -10.049677365427117
    }
  },
  "4bit": {
    "samples": 1280,
    "key": {
      "fajarquant": 0.006355431055852176,
      "kivi": 0.006704612333250723,
      "turboquant": 0.006680174353664611,
      "fq_vs_kivi_pct": 5.208075576075051,
      "fq_vs_turbo_pct": 4.861299729913297
    },
    "value": {
      "fajarquant": 0.0016305291212746285,
      "kivi": 0.0030943445112844364,
      "turboquant": 0.0014888653067532856,
      "fq_vs_kivi_pct": 47.30615432999057,
      "fq_vs_turbo_pct": -9.514884514991088
    }
  }
}