{
  "_description": "Knowledge / few-shot benchmark results (mmlu 5-shot, triviaqa 5-shot, boolq 0-shot \u2014 matching BitNet 2B4T Table 1). Schema consumed by scripts/verify_intllm_tables.py::bench_knowledge. Run via scripts/bench_knowledge.py.",
  "_phase": "FJQ_PHASE_D_PRODUCTION_PLAN.md \u00a73.3 (knowledge benchmarks)",
  "_plan_ref": "paper Table 2 knowledge column / BitNet 2B4T Table 1 parity",
  "model": "intllm-medium",
  "harness_version": "v0.4.11",
  "status": "real",
  "checkpoint": "checkpoints/medium/medium_final.pt",
  "tasks": [
    "mmlu",
    "triviaqa",
    "boolq"
  ],
  "num_fewshot_map": {
    "mmlu": 5,
    "triviaqa": 5,
    "boolq": 0
  },
  "limit": null,
  "batch_size": 4,
  "device": "cuda",
  "elapsed_seconds": 1500.165,
  "results": {
    "mmlu": {
      "acc": 0.23743056544651758,
      "acc_stderr": 0.003586065212579382
    },
    "triviaqa": {
      "exact_match": 0.00033437360677663843,
      "exact_match_stderr": 0.00013648843242036832
    },
    "boolq": {
      "acc": 0.6201834862385321,
      "acc_stderr": 0.008488668235778573
    },
    "mmlu_humanities": {
      "acc": 0.24484590860786398,
      "acc_stderr": 0.006267961958295121
    },
    "mmlu_formal_logic": {
      "acc": 0.25396825396825395,
      "acc_stderr": 0.038932596106046706
    },
    "mmlu_high_school_european_history": {
      "acc": 0.21818181818181817,
      "acc_stderr": 0.032250781083062896
    },
    "mmlu_high_school_us_history": {
      "acc": 0.25,
      "acc_stderr": 0.03039153369274154
    },
    "mmlu_high_school_world_history": {
      "acc": 0.270042194092827,
      "acc_stderr": 0.02890072190629346
    },
    "mmlu_international_law": {
      "acc": 0.2396694214876033,
      "acc_stderr": 0.03896878985070412
    },
    "mmlu_jurisprudence": {
      "acc": 0.25925925925925924,
      "acc_stderr": 0.042365112580946315
    },
    "mmlu_logical_fallacies": {
      "acc": 0.2331288343558282,
      "acc_stderr": 0.03322015795776743
    },
    "mmlu_moral_disputes": {
      "acc": 0.24855491329479767,
      "acc_stderr": 0.023267528432100153
    },
    "mmlu_moral_scenarios": {
      "acc": 0.23910614525139665,
      "acc_stderr": 0.014265554192331054
    },
    "mmlu_philosophy": {
      "acc": 0.1864951768488746,
      "acc_stderr": 0.022122439772480733
    },
    "mmlu_prehistory": {
      "acc": 0.25617283950617287,
      "acc_stderr": 0.02428853363772609
    },
    "mmlu_professional_law": {
      "acc": 0.2457627118644068,
      "acc_stderr": 0.010996156635142657
    },
    "mmlu_world_religions": {
      "acc": 0.32748538011695905,
      "acc_stderr": 0.03599335771456024
    },
    "mmlu_other": {
      "acc": 0.24493080141615706,
      "acc_stderr": 0.007688188986730296
    },
    "mmlu_business_ethics": {
      "acc": 0.33,
      "acc_stderr": 0.04725815626252609
    },
    "mmlu_clinical_knowledge": {
      "acc": 0.21509433962264152,
      "acc_stderr": 0.02528839450289141
    },
    "mmlu_college_medicine": {
      "acc": 0.2138728323699422,
      "acc_stderr": 0.03126511206173045
    },
    "mmlu_global_facts": {
      "acc": 0.17,
      "acc_stderr": 0.03775251680686369
    },
    "mmlu_human_aging": {
      "acc": 0.2914798206278027,
      "acc_stderr": 0.030500283176545913
    },
    "mmlu_management": {
      "acc": 0.17475728155339806,
      "acc_stderr": 0.03760178006026618
    },
    "mmlu_marketing": {
      "acc": 0.2948717948717949,
      "acc_stderr": 0.02987257770889111
    },
    "mmlu_medical_genetics": {
      "acc": 0.35,
      "acc_stderr": 0.04793724854411023
    },
    "mmlu_miscellaneous": {
      "acc": 0.2656449553001277,
      "acc_stderr": 0.015794302487888694
    },
    "mmlu_nutrition": {
      "acc": 0.22549019607843138,
      "acc_stderr": 0.023929155517351218
    },
    "mmlu_professional_accounting": {
      "acc": 0.22340425531914893,
      "acc_stderr": 0.02484792135806398
    },
    "mmlu_professional_medicine": {
      "acc": 0.17279411764705882,
      "acc_stderr": 0.022966067585581777
    },
    "mmlu_virology": {
      "acc": 0.25903614457831325,
      "acc_stderr": 0.034106466140718515
    },
    "mmlu_social_sciences": {
      "acc": 0.2219694507637309,
      "acc_stderr": 0.007491278948342947
    },
    "mmlu_econometrics": {
      "acc": 0.22807017543859648,
      "acc_stderr": 0.039471527826694136
    },
    "mmlu_high_school_geography": {
      "acc": 0.23737373737373738,
      "acc_stderr": 0.030313710538198924
    },
    "mmlu_high_school_government_and_politics": {
      "acc": 0.19689119170984457,
      "acc_stderr": 0.028697873971860723
    },
    "mmlu_high_school_macroeconomics": {
      "acc": 0.20512820512820512,
      "acc_stderr": 0.02047323317355194
    },
    "mmlu_high_school_microeconomics": {
      "acc": 0.20588235294117646,
      "acc_stderr": 0.026265024608275907
    },
    "mmlu_high_school_psychology": {
      "acc": 0.1981651376146789,
      "acc_stderr": 0.017090573804217808
    },
    "mmlu_human_sexuality": {
      "acc": 0.2366412213740458,
      "acc_stderr": 0.037276735755969174
    },
    "mmlu_professional_psychology": {
      "acc": 0.2565359477124183,
      "acc_stderr": 0.01766784161237909
    },
    "mmlu_public_relations": {
      "acc": 0.21818181818181817,
      "acc_stderr": 0.03955932861795833
    },
    "mmlu_security_studies": {
      "acc": 0.18775510204081633,
      "acc_stderr": 0.025000256039546167
    },
    "mmlu_sociology": {
      "acc": 0.24378109452736318,
      "acc_stderr": 0.03036049015401464
    },
    "mmlu_us_foreign_policy": {
      "acc": 0.28,
      "acc_stderr": 0.045126085985421296
    },
    "mmlu_stem": {
      "acc": 0.2340627973358706,
      "acc_stderr": 0.00753216427331731
    },
    "mmlu_abstract_algebra": {
      "acc": 0.22,
      "acc_stderr": 0.041633319989322654
    },
    "mmlu_anatomy": {
      "acc": 0.25925925925925924,
      "acc_stderr": 0.03785714465066651
    },
    "mmlu_astronomy": {
      "acc": 0.19078947368421054,
      "acc_stderr": 0.03197565821032503
    },
    "mmlu_college_biology": {
      "acc": 0.2638888888888889,
      "acc_stderr": 0.03685651095897531
    },
    "mmlu_college_chemistry": {
      "acc": 0.19,
      "acc_stderr": 0.039427724440366255
    },
    "mmlu_college_computer_science": {
      "acc": 0.29,
      "acc_stderr": 0.045604802157206865
    },
    "mmlu_college_mathematics": {
      "acc": 0.2,
      "acc_stderr": 0.04020151261036849
    },
    "mmlu_college_physics": {
      "acc": 0.22549019607843138,
      "acc_stderr": 0.04158307533083289
    },
    "mmlu_computer_security": {
      "acc": 0.26,
      "acc_stderr": 0.0440844002276808
    },
    "mmlu_conceptual_physics": {
      "acc": 0.26382978723404255,
      "acc_stderr": 0.028809989854102946
    },
    "mmlu_electrical_engineering": {
      "acc": 0.25517241379310346,
      "acc_stderr": 0.036329840527078404
    },
    "mmlu_elementary_mathematics": {
      "acc": 0.2275132275132275,
      "acc_stderr": 0.021591269407823736
    },
    "mmlu_high_school_biology": {
      "acc": 0.1967741935483871,
      "acc_stderr": 0.02261640942074208
    },
    "mmlu_high_school_chemistry": {
      "acc": 0.2561576354679803,
      "acc_stderr": 0.030712730070982585
    },
    "mmlu_high_school_computer_science": {
      "acc": 0.27,
      "acc_stderr": 0.04461960433384737
    },
    "mmlu_high_school_mathematics": {
      "acc": 0.24444444444444444,
      "acc_stderr": 0.026202766534652113
    },
    "mmlu_high_school_physics": {
      "acc": 0.19205298013245034,
      "acc_stderr": 0.032162984205936176
    },
    "mmlu_high_school_statistics": {
      "acc": 0.17592592592592593,
      "acc_stderr": 0.025967420958258495
    },
    "mmlu_machine_learning": {
      "acc": 0.3482142857142857,
      "acc_stderr": 0.04521829902833581
    }
  }
}