{
  "_description": "Canonical zero-shot benchmark results. Schema consumed by scripts/verify_intllm_tables.py::bench_canonical. Run via scripts/bench_canonical.py.",
  "_phase": "FJQ_PHASE_D_PRODUCTION_PLAN.md \u00a73.2 (canonical benchmarks)",
  "_plan_ref": "paper Table 2",
  "model": "intllm-mini",
  "harness_version": "v0.4.11",
  "status": "real",
  "checkpoint": "checkpoints/mini/mini_final.pt",
  "tasks": [
    "wikitext",
    "lambada_openai",
    "hellaswag",
    "piqa",
    "winogrande",
    "arc_easy",
    "arc_challenge",
    "openbookqa"
  ],
  "limit": null,
  "batch_size": 4,
  "device": "cuda",
  "elapsed_seconds": 201.647,
  "results": {
    "wikitext": {
      "word_perplexity": 342.9783534875929,
      "byte_perplexity": 2.979254116576381,
      "bits_per_byte": 1.5749511840402544
    },
    "lambada_openai": {
      "perplexity": 51120.82215650841,
      "perplexity_stderr": 3237.597540573987,
      "acc": 0.0013584319813700757,
      "acc_stderr": 0.0005131399662712633
    },
    "hellaswag": {
      "acc": 0.2575184226249751,
      "acc_stderr": 0.004363736410689568,
      "acc_norm": 0.2546305516829317,
      "acc_norm_stderr": 0.004347629889041179
    },
    "piqa": {
      "acc": 0.55930359085963,
      "acc_stderr": 0.011583478090656981,
      "acc_norm": 0.5402611534276387,
      "acc_norm_stderr": 0.011627942981817204
    },
    "winogrande": {
      "acc": 0.510655090765588,
      "acc_stderr": 0.014049294536290372
    },
    "arc_easy": {
      "acc": 0.30597643097643096,
      "acc_stderr": 0.00945582203642661,
      "acc_norm": 0.29503367003367004,
      "acc_norm_stderr": 0.009358110551087331
    },
    "arc_challenge": {
      "acc": 0.18088737201365188,
      "acc_stderr": 0.011248574467407037,
      "acc_norm": 0.23122866894197952,
      "acc_norm_stderr": 0.01232085883477234
    },
    "openbookqa": {
      "acc": 0.11,
      "acc_stderr": 0.01400686919941566,
      "acc_norm": 0.248,
      "acc_norm_stderr": 0.019332342821239124
    }
  }
}