{
  "_description": "Knowledge / few-shot benchmark results (mmlu 5-shot, triviaqa 5-shot, boolq 0-shot \u2014 matching BitNet 2B4T Table 1). Schema consumed by scripts/verify_intllm_tables.py::bench_knowledge. Run via scripts/bench_knowledge.py.",
  "_phase": "FJQ_PHASE_D_PRODUCTION_PLAN.md \u00a73.3 (knowledge benchmarks)",
  "_plan_ref": "paper Table 2 knowledge column / BitNet 2B4T Table 1 parity",
  "model": "intllm-base",
  "harness_version": "v0.4.11",
  "status": "real",
  "checkpoint": "checkpoints/base/base_final.pt",
  "tasks": [
    "mmlu",
    "triviaqa",
    "boolq"
  ],
  "num_fewshot_map": {
    "mmlu": 5,
    "triviaqa": 5,
    "boolq": 0
  },
  "limit": null,
  "batch_size": 4,
  "device": "cuda",
  "elapsed_seconds": 616.166,
  "results": {
    "mmlu": {
      "acc": 0.22973935336846604,
      "acc_stderr": 0.0035441951727616374
    },
    "triviaqa": {
      "exact_match": 0.00022291573785109228,
      "exact_match_stderr": 0.00011144855087437195
    },
    "boolq": {
      "acc": 0.4492354740061162,
      "acc_stderr": 0.008699865557703858
    },
    "mmlu_humanities": {
      "acc": 0.24208289054197663,
      "acc_stderr": 0.006242551951111416
    },
    "mmlu_formal_logic": {
      "acc": 0.2857142857142857,
      "acc_stderr": 0.04040610178208843
    },
    "mmlu_high_school_european_history": {
      "acc": 0.23030303030303031,
      "acc_stderr": 0.03287666758603482
    },
    "mmlu_high_school_us_history": {
      "acc": 0.24509803921568626,
      "acc_stderr": 0.030190282453501943
    },
    "mmlu_high_school_world_history": {
      "acc": 0.270042194092827,
      "acc_stderr": 0.02890072190629346
    },
    "mmlu_international_law": {
      "acc": 0.2396694214876033,
      "acc_stderr": 0.03896878985070412
    },
    "mmlu_jurisprudence": {
      "acc": 0.25925925925925924,
      "acc_stderr": 0.042365112580946315
    },
    "mmlu_logical_fallacies": {
      "acc": 0.22085889570552147,
      "acc_stderr": 0.032591773927421734
    },
    "mmlu_moral_disputes": {
      "acc": 0.24855491329479767,
      "acc_stderr": 0.023267528432100153
    },
    "mmlu_moral_scenarios": {
      "acc": 0.23798882681564246,
      "acc_stderr": 0.014242630070574904
    },
    "mmlu_philosophy": {
      "acc": 0.1832797427652733,
      "acc_stderr": 0.021974198848265767
    },
    "mmlu_prehistory": {
      "acc": 0.21604938271604937,
      "acc_stderr": 0.02289916291844576
    },
    "mmlu_professional_law": {
      "acc": 0.2457627118644068,
      "acc_stderr": 0.010996156635142657
    },
    "mmlu_world_religions": {
      "acc": 0.3216374269005848,
      "acc_stderr": 0.03582529442573121
    },
    "mmlu_other": {
      "acc": 0.2404248471194078,
      "acc_stderr": 0.007650360909402171
    },
    "mmlu_business_ethics": {
      "acc": 0.29,
      "acc_stderr": 0.045604802157206865
    },
    "mmlu_clinical_knowledge": {
      "acc": 0.20754716981132076,
      "acc_stderr": 0.024959918028911232
    },
    "mmlu_college_medicine": {
      "acc": 0.20809248554913296,
      "acc_stderr": 0.030952890217749857
    },
    "mmlu_global_facts": {
      "acc": 0.18,
      "acc_stderr": 0.03861229196653691
    },
    "mmlu_human_aging": {
      "acc": 0.31390134529147984,
      "acc_stderr": 0.031146796482972486
    },
    "mmlu_management": {
      "acc": 0.17475728155339806,
      "acc_stderr": 0.03760178006026618
    },
    "mmlu_marketing": {
      "acc": 0.28205128205128205,
      "acc_stderr": 0.029480360549541198
    },
    "mmlu_medical_genetics": {
      "acc": 0.3,
      "acc_stderr": 0.04605661864718382
    },
    "mmlu_miscellaneous": {
      "acc": 0.24648786717752236,
      "acc_stderr": 0.015411308769686863
    },
    "mmlu_nutrition": {
      "acc": 0.22549019607843138,
      "acc_stderr": 0.023929155517351218
    },
    "mmlu_professional_accounting": {
      "acc": 0.23404255319148937,
      "acc_stderr": 0.025257861359432372
    },
    "mmlu_professional_medicine": {
      "acc": 0.18382352941176472,
      "acc_stderr": 0.02352924218519312
    },
    "mmlu_virology": {
      "acc": 0.28313253012048195,
      "acc_stderr": 0.035072954313705176
    },
    "mmlu_social_sciences": {
      "acc": 0.21774455638609036,
      "acc_stderr": 0.007435774512238421
    },
    "mmlu_econometrics": {
      "acc": 0.23684210526315788,
      "acc_stderr": 0.03999423879281335
    },
    "mmlu_high_school_geography": {
      "acc": 0.17676767676767677,
      "acc_stderr": 0.027178752639044908
    },
    "mmlu_high_school_government_and_politics": {
      "acc": 0.19689119170984457,
      "acc_stderr": 0.028697873971860723
    },
    "mmlu_high_school_macroeconomics": {
      "acc": 0.20256410256410257,
      "acc_stderr": 0.020377660970371435
    },
    "mmlu_high_school_microeconomics": {
      "acc": 0.21008403361344538,
      "acc_stderr": 0.026461398717471864
    },
    "mmlu_high_school_psychology": {
      "acc": 0.1926605504587156,
      "acc_stderr": 0.016909276884936104
    },
    "mmlu_human_sexuality": {
      "acc": 0.2748091603053435,
      "acc_stderr": 0.03915345408847834
    },
    "mmlu_professional_psychology": {
      "acc": 0.25163398692810457,
      "acc_stderr": 0.017555818091322294
    },
    "mmlu_public_relations": {
      "acc": 0.21818181818181817,
      "acc_stderr": 0.03955932861795833
    },
    "mmlu_security_studies": {
      "acc": 0.18775510204081633,
      "acc_stderr": 0.025000256039546167
    },
    "mmlu_sociology": {
      "acc": 0.24378109452736318,
      "acc_stderr": 0.03036049015401464
    },
    "mmlu_us_foreign_policy": {
      "acc": 0.27,
      "acc_stderr": 0.04461960433384737
    },
    "mmlu_stem": {
      "acc": 0.21249603552172533,
      "acc_stderr": 0.007270891282307528
    },
    "mmlu_abstract_algebra": {
      "acc": 0.22,
      "acc_stderr": 0.041633319989322654
    },
    "mmlu_anatomy": {
      "acc": 0.1925925925925926,
      "acc_stderr": 0.03406542058502651
    },
    "mmlu_astronomy": {
      "acc": 0.17763157894736842,
      "acc_stderr": 0.031103182383123377
    },
    "mmlu_college_biology": {
      "acc": 0.2569444444444444,
      "acc_stderr": 0.03653946969442102
    },
    "mmlu_college_chemistry": {
      "acc": 0.2,
      "acc_stderr": 0.04020151261036849
    },
    "mmlu_college_computer_science": {
      "acc": 0.25,
      "acc_stderr": 0.04351941398892446
    },
    "mmlu_college_mathematics": {
      "acc": 0.21,
      "acc_stderr": 0.040936018074033236
    },
    "mmlu_college_physics": {
      "acc": 0.21568627450980393,
      "acc_stderr": 0.04092563958237658
    },
    "mmlu_computer_security": {
      "acc": 0.29,
      "acc_stderr": 0.045604802157206865
    },
    "mmlu_conceptual_physics": {
      "acc": 0.26382978723404255,
      "acc_stderr": 0.028809989854102946
    },
    "mmlu_electrical_engineering": {
      "acc": 0.2413793103448276,
      "acc_stderr": 0.035659981741353035
    },
    "mmlu_elementary_mathematics": {
      "acc": 0.20899470899470898,
      "acc_stderr": 0.020940481565334935
    },
    "mmlu_high_school_biology": {
      "acc": 0.1774193548387097,
      "acc_stderr": 0.021732540689329255
    },
    "mmlu_high_school_chemistry": {
      "acc": 0.15270935960591134,
      "acc_stderr": 0.025308904539380683
    },
    "mmlu_high_school_computer_science": {
      "acc": 0.25,
      "acc_stderr": 0.04351941398892446
    },
    "mmlu_high_school_mathematics": {
      "acc": 0.2111111111111111,
      "acc_stderr": 0.02488211685765511
    },
    "mmlu_high_school_physics": {
      "acc": 0.19205298013245034,
      "acc_stderr": 0.032162984205936176
    },
    "mmlu_high_school_statistics": {
      "acc": 0.1527777777777778,
      "acc_stderr": 0.024536326026134234
    },
    "mmlu_machine_learning": {
      "acc": 0.3125,
      "acc_stderr": 0.043994650575715215
    }
  }
}